timestamp,lot_id,price,occupancy_rate,queue_length,rerouting
2025-07-09 06:41:38.107332,lot_0,12.032967032967033,0.4065934065934066,0,
2025-07-09 06:41:38.107332,lot_1314,12.032967032967033,0.4065934065934066,0,
2025-07-09 06:41:38.107332,lot_2628,12.032967032967033,0.4065934065934066,0,
2025-07-09 06:41:38.107332,lot_3942,12.032967032967033,0.4065934065934066,0,
2025-07-09 06:41:38.107332,lot_5256,12.032967032967033,0.4065934065934066,0,
2025-07-09 06:41:38.107332,lot_6570,12.032967032967033,0.4065934065934066,0,
2025-07-09 06:41:38.107332,lot_7884,12.032967032967033,0.4065934065934066,0,
2025-07-09 06:41:38.107332,lot_9198,12.032967032967033,0.4065934065934066,0,
2025-07-09 06:41:38.107332,lot_10512,12.032967032967033,0.4065934065934066,0,
2025-07-09 06:41:38.107332,lot_11826,12.032967032967033,0.4065934065934066,0,
2025-07-09 06:41:38.107332,lot_13140,12.032967032967033,0.4065934065934066,0,
2025-07-09 06:41:38.107332,lot_14454,12.032967032967033,0.4065934065934066,0,
2025-07-09 06:41:38.107332,lot_15768,12.032967032967033,0.4065934065934066,0,
2025-07-09 06:41:38.107332,lot_17082,12.032967032967033,0.4065934065934066,0,
2025-07-09 07:11:38.108495,lot_0,11.483516483516482,0.2967032967032967,0,
2025-07-09 07:11:38.108495,lot_1314,11.483516483516482,0.2967032967032967,0,
2025-07-09 07:11:38.108495,lot_2628,11.483516483516482,0.2967032967032967,0,
2025-07-09 07:11:38.108495,lot_3942,11.483516483516482,0.2967032967032967,0,
2025-07-09 07:11:38.108495,lot_5256,11.483516483516482,0.2967032967032967,0,
2025-07-09 07:11:38.108495,lot_6570,11.483516483516482,0.2967032967032967,0,
2025-07-09 07:11:38.108495,lot_7884,11.483516483516482,0.2967032967032967,0,
2025-07-09 07:11:38.108495,lot_9198,11.483516483516482,0.2967032967032967,0,
2025-07-09 07:11:38.108495,lot_10512,11.483516483516482,0.2967032967032967,0,
2025-07-09 07:11:38.108495,lot_11826,11.483516483516482,0.2967032967032967,0,
2025-07-09 07:11:38.108495,lot_13140,11.483516483516482,0.2967032967032967,0,
2025-07-09 07:11:38.108495,lot_14454,11.483516483516482,0.2967032967032967,0,
2025-07-09 07:11:38.108495,lot_15768,11.483516483516482,0.2967032967032967,0,
2025-07-09 07:11:38.108495,lot_17082,11.483516483516482,0.2967032967032967,0,
2025-07-09 07:41:38.109921,lot_0,11.758241758241759,0.3516483516483517,0,
2025-07-09 07:41:38.109921,lot_1314,11.758241758241759,0.3516483516483517,0,
2025-07-09 07:41:38.109921,lot_2628,11.758241758241759,0.3516483516483517,0,
2025-07-09 07:41:38.109921,lot_3942,11.758241758241759,0.3516483516483517,0,
2025-07-09 07:41:38.109921,lot_5256,11.758241758241759,0.3516483516483517,0,
2025-07-09 07:41:38.109921,lot_6570,11.758241758241759,0.3516483516483517,0,
2025-07-09 07:41:38.109921,lot_7884,11.758241758241759,0.3516483516483517,0,
2025-07-09 07:41:38.109921,lot_9198,11.758241758241759,0.3516483516483517,0,
2025-07-09 07:41:38.109921,lot_10512,11.758241758241759,0.3516483516483517,0,
2025-07-09 07:41:38.109921,lot_11826,11.758241758241759,0.3516483516483517,0,
2025-07-09 07:41:38.109921,lot_13140,11.758241758241759,0.3516483516483517,0,
2025-07-09 07:41:38.109921,lot_14454,11.758241758241759,0.3516483516483517,0,
2025-07-09 07:41:38.109921,lot_15768,11.758241758241759,0.3516483516483517,0,
2025-07-09 07:41:38.109921,lot_17082,11.758241758241759,0.3516483516483517,0,
2025-07-09 08:11:38.110961,lot_0,11.923076923076923,0.38461538461538464,0,
2025-07-09 08:11:38.110961,lot_1314,11.923076923076923,0.38461538461538464,0,
2025-07-09 08:11:38.110961,lot_2628,11.923076923076923,0.38461538461538464,0,
2025-07-09 08:11:38.110961,lot_3942,11.923076923076923,0.38461538461538464,0,
2025-07-09 08:11:38.110961,lot_5256,11.923076923076923,0.38461538461538464,0,
2025-07-09 08:11:38.110961,lot_6570,11.923076923076923,0.38461538461538464,0,
2025-07-09 08:11:38.110961,lot_7884,11.923076923076923,0.38461538461538464,0,
2025-07-09 08:11:38.110961,lot_9198,11.923076923076923,0.38461538461538464,0,
2025-07-09 08:11:38.110961,lot_10512,11.923076923076923,0.38461538461538464,0,
2025-07-09 08:11:38.110961,lot_11826,11.923076923076923,0.38461538461538464,0,
2025-07-09 08:11:38.110961,lot_13140,11.923076923076923,0.38461538461538464,0,
2025-07-09 08:11:38.110961,lot_14454,11.923076923076923,0.38461538461538464,0,
2025-07-09 08:11:38.110961,lot_15768,11.923076923076923,0.38461538461538464,0,
2025-07-09 08:11:38.110961,lot_17082,11.923076923076923,0.38461538461538464,0,
2025-07-09 08:41:38.112004,lot_0,12.802197802197801,0.5604395604395604,0,
2025-07-09 08:41:38.112004,lot_1314,12.802197802197801,0.5604395604395604,0,
2025-07-09 08:41:38.112004,lot_2628,12.802197802197801,0.5604395604395604,0,
2025-07-09 08:41:38.112004,lot_3942,12.802197802197801,0.5604395604395604,0,
2025-07-09 08:41:38.112004,lot_5256,12.802197802197801,0.5604395604395604,0,
2025-07-09 08:41:38.112004,lot_6570,12.802197802197801,0.5604395604395604,0,
2025-07-09 08:41:38.112004,lot_7884,12.802197802197801,0.5604395604395604,0,
2025-07-09 08:41:38.112004,lot_9198,12.802197802197801,0.5604395604395604,0,
2025-07-09 08:41:38.112004,lot_10512,12.802197802197801,0.5604395604395604,0,
2025-07-09 08:41:38.112004,lot_11826,12.802197802197801,0.5604395604395604,0,
2025-07-09 08:41:38.112004,lot_13140,12.802197802197801,0.5604395604395604,0,
2025-07-09 08:41:38.112004,lot_14454,12.802197802197801,0.5604395604395604,0,
2025-07-09 08:41:38.112004,lot_15768,12.802197802197801,0.5604395604395604,0,
2025-07-09 08:41:38.112004,lot_17082,12.802197802197801,0.5604395604395604,0,
2025-07-09 09:11:38.112964,lot_0,12.142857142857142,0.42857142857142855,0,
2025-07-09 09:11:38.112964,lot_1314,12.142857142857142,0.42857142857142855,0,
2025-07-09 09:11:38.112964,lot_2628,12.142857142857142,0.42857142857142855,0,
2025-07-09 09:11:38.112964,lot_3942,12.142857142857142,0.42857142857142855,0,
2025-07-09 09:11:38.112964,lot_5256,12.142857142857142,0.42857142857142855,0,
2025-07-09 09:11:38.112964,lot_6570,12.142857142857142,0.42857142857142855,0,
2025-07-09 09:11:38.112964,lot_7884,12.142857142857142,0.42857142857142855,0,
2025-07-09 09:11:38.112964,lot_9198,12.142857142857142,0.42857142857142855,0,
2025-07-09 09:11:38.112964,lot_10512,12.142857142857142,0.42857142857142855,0,
2025-07-09 09:11:38.112964,lot_11826,12.142857142857142,0.42857142857142855,0,
2025-07-09 09:11:38.112964,lot_13140,12.142857142857142,0.42857142857142855,0,
2025-07-09 09:11:38.112964,lot_14454,12.142857142857142,0.42857142857142855,0,
2025-07-09 09:11:38.112964,lot_15768,12.142857142857142,0.42857142857142855,0,
2025-07-09 09:11:38.112964,lot_17082,12.142857142857142,0.42857142857142855,0,
2025-07-09 09:41:38.113891,lot_0,12.692307692307692,0.5384615384615384,0,
2025-07-09 09:41:38.113891,lot_1314,12.692307692307692,0.5384615384615384,0,
2025-07-09 09:41:38.113891,lot_2628,12.692307692307692,0.5384615384615384,0,
2025-07-09 09:41:38.113891,lot_3942,12.692307692307692,0.5384615384615384,0,
2025-07-09 09:41:38.113891,lot_5256,12.692307692307692,0.5384615384615384,0,
2025-07-09 09:41:38.113891,lot_6570,12.692307692307692,0.5384615384615384,0,
2025-07-09 09:41:38.113891,lot_7884,12.692307692307692,0.5384615384615384,0,
2025-07-09 09:41:38.113891,lot_9198,12.692307692307692,0.5384615384615384,0,
2025-07-09 09:41:38.113891,lot_10512,12.692307692307692,0.5384615384615384,0,
2025-07-09 09:41:38.113891,lot_11826,12.692307692307692,0.5384615384615384,0,
2025-07-09 09:41:38.113891,lot_13140,12.692307692307692,0.5384615384615384,0,
2025-07-09 09:41:38.113891,lot_14454,12.692307692307692,0.5384615384615384,0,
2025-07-09 09:41:38.113891,lot_15768,12.692307692307692,0.5384615384615384,0,
2025-07-09 09:41:38.113891,lot_17082,12.692307692307692,0.5384615384615384,0,
2025-07-09 10:11:38.114820,lot_0,11.263736263736263,0.25274725274725274,0,
2025-07-09 10:11:38.114820,lot_1314,11.263736263736263,0.25274725274725274,0,
2025-07-09 10:11:38.114820,lot_2628,11.263736263736263,0.25274725274725274,0,
2025-07-09 10:11:38.114820,lot_3942,11.263736263736263,0.25274725274725274,0,
2025-07-09 10:11:38.114820,lot_5256,11.263736263736263,0.25274725274725274,0,
2025-07-09 10:11:38.114820,lot_6570,11.263736263736263,0.25274725274725274,0,
2025-07-09 10:11:38.114820,lot_7884,11.263736263736263,0.25274725274725274,0,
2025-07-09 10:11:38.114820,lot_9198,11.263736263736263,0.25274725274725274,0,
2025-07-09 10:11:38.114820,lot_10512,11.263736263736263,0.25274725274725274,0,
2025-07-09 10:11:38.114820,lot_11826,11.263736263736263,0.25274725274725274,0,
2025-07-09 10:11:38.114820,lot_13140,11.263736263736263,0.25274725274725274,0,
2025-07-09 10:11:38.114820,lot_14454,11.263736263736263,0.25274725274725274,0,
2025-07-09 10:11:38.114820,lot_15768,11.263736263736263,0.25274725274725274,0,
2025-07-09 10:11:38.114820,lot_17082,11.263736263736263,0.25274725274725274,0,
2025-07-09 10:41:38.115815,lot_0,12.252747252747254,0.45054945054945056,0,
2025-07-09 10:41:38.115815,lot_1314,12.252747252747254,0.45054945054945056,0,
2025-07-09 10:41:38.115815,lot_2628,12.252747252747254,0.45054945054945056,0,
2025-07-09 10:41:38.115815,lot_3942,12.252747252747254,0.45054945054945056,0,
2025-07-09 10:41:38.115815,lot_5256,12.252747252747254,0.45054945054945056,0,
2025-07-09 10:41:38.115815,lot_6570,12.252747252747254,0.45054945054945056,0,
2025-07-09 10:41:38.115815,lot_7884,12.252747252747254,0.45054945054945056,0,
2025-07-09 10:41:38.115815,lot_9198,12.252747252747254,0.45054945054945056,0,
2025-07-09 10:41:38.115815,lot_10512,12.252747252747254,0.45054945054945056,0,
2025-07-09 10:41:38.115815,lot_11826,12.252747252747254,0.45054945054945056,0,
2025-07-09 10:41:38.115815,lot_13140,12.252747252747254,0.45054945054945056,0,
2025-07-09 10:41:38.115815,lot_14454,12.252747252747254,0.45054945054945056,0,
2025-07-09 10:41:38.115815,lot_15768,12.252747252747254,0.45054945054945056,0,
2025-07-09 10:41:38.115815,lot_17082,12.252747252747254,0.45054945054945056,0,
2025-07-09 11:11:38.116759,lot_0,12.032967032967033,0.4065934065934066,0,
2025-07-09 11:11:38.116759,lot_1314,12.032967032967033,0.4065934065934066,0,
2025-07-09 11:11:38.116759,lot_2628,12.032967032967033,0.4065934065934066,0,
2025-07-09 11:11:38.116759,lot_3942,12.032967032967033,0.4065934065934066,0,
2025-07-09 11:11:38.116759,lot_5256,12.032967032967033,0.4065934065934066,0,
2025-07-09 11:11:38.116759,lot_6570,12.032967032967033,0.4065934065934066,0,
2025-07-09 11:11:38.116759,lot_7884,12.032967032967033,0.4065934065934066,0,
2025-07-09 11:11:38.116759,lot_9198,12.032967032967033,0.4065934065934066,0,
2025-07-09 11:11:38.116759,lot_10512,12.032967032967033,0.4065934065934066,0,
2025-07-09 11:11:38.116759,lot_11826,12.032967032967033,0.4065934065934066,0,
2025-07-09 11:11:38.116759,lot_13140,12.032967032967033,0.4065934065934066,0,
2025-07-09 11:11:38.116759,lot_14454,12.032967032967033,0.4065934065934066,0,
2025-07-09 11:11:38.116759,lot_15768,12.032967032967033,0.4065934065934066,0,
2025-07-09 11:11:38.116759,lot_17082,12.032967032967033,0.4065934065934066,0,
2025-07-09 11:41:38.117703,lot_0,12.032967032967033,0.4065934065934066,0,
2025-07-09 11:41:38.117703,lot_1314,12.032967032967033,0.4065934065934066,0,
2025-07-09 11:41:38.117703,lot_2628,12.032967032967033,0.4065934065934066,0,
2025-07-09 11:41:38.117703,lot_3942,12.032967032967033,0.4065934065934066,0,
2025-07-09 11:41:38.117703,lot_5256,12.032967032967033,0.4065934065934066,0,
2025-07-09 11:41:38.117703,lot_6570,12.032967032967033,0.4065934065934066,0,
2025-07-09 11:41:38.117703,lot_7884,12.032967032967033,0.4065934065934066,0,
2025-07-09 11:41:38.117703,lot_9198,12.032967032967033,0.4065934065934066,0,
2025-07-09 11:41:38.117703,lot_10512,12.032967032967033,0.4065934065934066,0,
2025-07-09 11:41:38.117703,lot_11826,12.032967032967033,0.4065934065934066,0,
2025-07-09 11:41:38.117703,lot_13140,12.032967032967033,0.4065934065934066,0,
2025-07-09 11:41:38.117703,lot_14454,12.032967032967033,0.4065934065934066,0,
2025-07-09 11:41:38.117703,lot_15768,12.032967032967033,0.4065934065934066,0,
2025-07-09 11:41:38.117703,lot_17082,12.032967032967033,0.4065934065934066,0,
2025-07-09 12:11:38.118799,lot_0,12.032967032967033,0.4065934065934066,0,
2025-07-09 12:11:38.118799,lot_1314,12.032967032967033,0.4065934065934066,0,
2025-07-09 12:11:38.118799,lot_2628,12.032967032967033,0.4065934065934066,0,
2025-07-09 12:11:38.118799,lot_3942,12.032967032967033,0.4065934065934066,0,
2025-07-09 12:11:38.118799,lot_5256,12.032967032967033,0.4065934065934066,0,
2025-07-09 12:11:38.118799,lot_6570,12.032967032967033,0.4065934065934066,0,
2025-07-09 12:11:38.118799,lot_7884,12.032967032967033,0.4065934065934066,0,
2025-07-09 12:11:38.118799,lot_9198,12.032967032967033,0.4065934065934066,0,
2025-07-09 12:11:38.118799,lot_10512,12.032967032967033,0.4065934065934066,0,
2025-07-09 12:11:38.118799,lot_11826,12.032967032967033,0.4065934065934066,0,
2025-07-09 12:11:38.118799,lot_13140,12.032967032967033,0.4065934065934066,0,
2025-07-09 12:11:38.118799,lot_14454,12.032967032967033,0.4065934065934066,0,
2025-07-09 12:11:38.118799,lot_15768,12.032967032967033,0.4065934065934066,0,
2025-07-09 12:11:38.118799,lot_17082,12.032967032967033,0.4065934065934066,0,
2025-07-09 12:41:38.119826,lot_0,11.813186813186814,0.3626373626373626,0,
2025-07-09 12:41:38.119826,lot_1314,11.813186813186814,0.3626373626373626,0,
2025-07-09 12:41:38.119826,lot_2628,11.813186813186814,0.3626373626373626,0,
2025-07-09 12:41:38.119826,lot_3942,11.813186813186814,0.3626373626373626,0,
2025-07-09 12:41:38.119826,lot_5256,11.813186813186814,0.3626373626373626,0,
2025-07-09 12:41:38.119826,lot_6570,11.813186813186814,0.3626373626373626,0,
2025-07-09 12:41:38.119826,lot_7884,11.813186813186814,0.3626373626373626,0,
2025-07-09 12:41:38.119826,lot_9198,11.813186813186814,0.3626373626373626,0,
2025-07-09 12:41:38.119826,lot_10512,11.813186813186814,0.3626373626373626,0,
2025-07-09 12:41:38.119826,lot_11826,11.813186813186814,0.3626373626373626,0,
2025-07-09 12:41:38.119826,lot_13140,11.813186813186814,0.3626373626373626,0,
2025-07-09 12:41:38.119826,lot_14454,11.813186813186814,0.3626373626373626,0,
2025-07-09 12:41:38.119826,lot_15768,11.813186813186814,0.3626373626373626,0,
2025-07-09 12:41:38.119826,lot_17082,11.813186813186814,0.3626373626373626,0,
2025-07-09 13:11:38.120860,lot_0,11.703296703296704,0.34065934065934067,0,
2025-07-09 13:11:38.120860,lot_1314,11.703296703296704,0.34065934065934067,0,
2025-07-09 13:11:38.120860,lot_2628,11.703296703296704,0.34065934065934067,0,
2025-07-09 13:11:38.120860,lot_3942,11.703296703296704,0.34065934065934067,0,
2025-07-09 13:11:38.120860,lot_5256,11.703296703296704,0.34065934065934067,0,
2025-07-09 13:11:38.120860,lot_6570,11.703296703296704,0.34065934065934067,0,
2025-07-09 13:11:38.120860,lot_7884,11.703296703296704,0.34065934065934067,0,
2025-07-09 13:11:38.120860,lot_9198,11.703296703296704,0.34065934065934067,0,
2025-07-09 13:11:38.120860,lot_10512,11.703296703296704,0.34065934065934067,0,
2025-07-09 13:11:38.120860,lot_11826,11.703296703296704,0.34065934065934067,0,
2025-07-09 13:11:38.120860,lot_13140,11.703296703296704,0.34065934065934067,0,
2025-07-09 13:11:38.120860,lot_14454,11.703296703296704,0.34065934065934067,0,
2025-07-09 13:11:38.120860,lot_15768,11.703296703296704,0.34065934065934067,0,
2025-07-09 13:11:38.120860,lot_17082,11.703296703296704,0.34065934065934067,0,
2025-07-09 13:41:38.121822,lot_0,12.472527472527473,0.4945054945054945,0,
2025-07-09 13:41:38.121822,lot_1314,12.472527472527473,0.4945054945054945,0,
2025-07-09 13:41:38.121822,lot_2628,12.472527472527473,0.4945054945054945,0,
2025-07-09 13:41:38.121822,lot_3942,12.472527472527473,0.4945054945054945,0,
2025-07-09 13:41:38.121822,lot_5256,12.472527472527473,0.4945054945054945,0,
2025-07-09 13:41:38.121822,lot_6570,12.472527472527473,0.4945054945054945,0,
2025-07-09 13:41:38.121822,lot_7884,12.472527472527473,0.4945054945054945,0,
2025-07-09 13:41:38.121822,lot_9198,12.472527472527473,0.4945054945054945,0,
2025-07-09 13:41:38.121822,lot_10512,12.472527472527473,0.4945054945054945,0,
2025-07-09 13:41:38.121822,lot_11826,12.472527472527473,0.4945054945054945,0,
2025-07-09 13:41:38.121822,lot_13140,12.472527472527473,0.4945054945054945,0,
2025-07-09 13:41:38.121822,lot_14454,12.472527472527473,0.4945054945054945,0,
2025-07-09 13:41:38.121822,lot_15768,12.472527472527473,0.4945054945054945,0,
2025-07-09 13:41:38.121822,lot_17082,12.472527472527473,0.4945054945054945,0,
2025-07-09 14:11:38.122756,lot_0,11.318681318681318,0.26373626373626374,0,
2025-07-09 14:11:38.122756,lot_1314,11.318681318681318,0.26373626373626374,0,
2025-07-09 14:11:38.122756,lot_2628,11.318681318681318,0.26373626373626374,0,
2025-07-09 14:11:38.122756,lot_3942,11.318681318681318,0.26373626373626374,0,
2025-07-09 14:11:38.122756,lot_5256,11.318681318681318,0.26373626373626374,0,
2025-07-09 14:11:38.122756,lot_6570,11.318681318681318,0.26373626373626374,0,
2025-07-09 14:11:38.122756,lot_7884,11.318681318681318,0.26373626373626374,0,
2025-07-09 14:11:38.122756,lot_9198,11.318681318681318,0.26373626373626374,0,
2025-07-09 14:11:38.122756,lot_10512,11.318681318681318,0.26373626373626374,0,
2025-07-09 14:11:38.122756,lot_11826,11.318681318681318,0.26373626373626374,0,
2025-07-09 14:11:38.122756,lot_13140,11.318681318681318,0.26373626373626374,0,
2025-07-09 14:11:38.122756,lot_14454,11.318681318681318,0.26373626373626374,0,
2025-07-09 14:11:38.122756,lot_15768,11.318681318681318,0.26373626373626374,0,
2025-07-09 14:11:38.122756,lot_17082,11.318681318681318,0.26373626373626374,0,
2025-07-09 14:41:38.123687,lot_0,12.197802197802199,0.43956043956043955,0,
2025-07-09 14:41:38.123687,lot_1314,12.197802197802199,0.43956043956043955,0,
2025-07-09 14:41:38.123687,lot_2628,12.197802197802199,0.43956043956043955,0,
2025-07-09 14:41:38.123687,lot_3942,12.197802197802199,0.43956043956043955,0,
2025-07-09 14:41:38.123687,lot_5256,12.197802197802199,0.43956043956043955,0,
2025-07-09 14:41:38.123687,lot_6570,12.197802197802199,0.43956043956043955,0,
2025-07-09 14:41:38.123687,lot_7884,12.197802197802199,0.43956043956043955,0,
2025-07-09 14:41:38.123687,lot_9198,12.197802197802199,0.43956043956043955,0,
2025-07-09 14:41:38.123687,lot_10512,12.197802197802199,0.43956043956043955,0,
2025-07-09 14:41:38.123687,lot_11826,12.197802197802199,0.43956043956043955,0,
2025-07-09 14:41:38.123687,lot_13140,12.197802197802199,0.43956043956043955,0,
2025-07-09 14:41:38.123687,lot_14454,12.197802197802199,0.43956043956043955,0,
2025-07-09 14:41:38.123687,lot_15768,12.197802197802199,0.43956043956043955,0,
2025-07-09 14:41:38.123687,lot_17082,12.197802197802199,0.43956043956043955,0,
2025-07-09 15:11:38.124939,lot_0,11.593406593406591,0.31868131868131866,0,
2025-07-09 15:11:38.124939,lot_1314,11.593406593406591,0.31868131868131866,0,
2025-07-09 15:11:38.124939,lot_2628,11.593406593406591,0.31868131868131866,0,
2025-07-09 15:11:38.124939,lot_3942,11.593406593406591,0.31868131868131866,0,
2025-07-09 15:11:38.124939,lot_5256,11.593406593406591,0.31868131868131866,0,
2025-07-09 15:11:38.124939,lot_6570,11.593406593406591,0.31868131868131866,0,
2025-07-09 15:11:38.124939,lot_7884,11.593406593406591,0.31868131868131866,0,
2025-07-09 15:11:38.124939,lot_9198,11.593406593406591,0.31868131868131866,0,
2025-07-09 15:11:38.124939,lot_10512,11.593406593406591,0.31868131868131866,0,
2025-07-09 15:11:38.124939,lot_11826,11.593406593406591,0.31868131868131866,0,
2025-07-09 15:11:38.124939,lot_13140,11.593406593406591,0.31868131868131866,0,
2025-07-09 15:11:38.124939,lot_14454,11.593406593406591,0.31868131868131866,0,
2025-07-09 15:11:38.124939,lot_15768,11.593406593406591,0.31868131868131866,0,
2025-07-09 15:11:38.124939,lot_17082,11.593406593406591,0.31868131868131866,0,
2025-07-09 15:41:38.125987,lot_0,10.934065934065934,0.18681318681318682,0,
2025-07-09 15:41:38.125987,lot_1314,10.934065934065934,0.18681318681318682,0,
2025-07-09 15:41:38.125987,lot_2628,10.934065934065934,0.18681318681318682,0,
2025-07-09 15:41:38.125987,lot_3942,10.934065934065934,0.18681318681318682,0,
2025-07-09 15:41:38.125987,lot_5256,10.934065934065934,0.18681318681318682,0,
2025-07-09 15:41:38.125987,lot_6570,10.934065934065934,0.18681318681318682,0,
2025-07-09 15:41:38.125987,lot_7884,10.934065934065934,0.18681318681318682,0,
2025-07-09 15:41:38.125987,lot_9198,10.934065934065934,0.18681318681318682,0,
2025-07-09 15:41:38.125987,lot_10512,10.934065934065934,0.18681318681318682,0,
2025-07-09 15:41:38.125987,lot_11826,10.934065934065934,0.18681318681318682,0,
2025-07-09 15:41:38.125987,lot_13140,10.934065934065934,0.18681318681318682,0,
2025-07-09 15:41:38.125987,lot_14454,10.934065934065934,0.18681318681318682,0,
2025-07-09 15:41:38.125987,lot_15768,10.934065934065934,0.18681318681318682,0,
2025-07-09 15:41:38.125987,lot_17082,10.934065934065934,0.18681318681318682,0,
2025-07-09 16:11:38.126912,lot_0,11.923076923076923,0.38461538461538464,0,
2025-07-09 16:11:38.126912,lot_1314,11.923076923076923,0.38461538461538464,0,
2025-07-09 16:11:38.126912,lot_2628,11.923076923076923,0.38461538461538464,0,
2025-07-09 16:11:38.126912,lot_3942,11.923076923076923,0.38461538461538464,0,
2025-07-09 16:11:38.126912,lot_5256,11.923076923076923,0.38461538461538464,0,
2025-07-09 16:11:38.126912,lot_6570,11.923076923076923,0.38461538461538464,0,
2025-07-09 16:11:38.126912,lot_7884,11.923076923076923,0.38461538461538464,0,
2025-07-09 16:11:38.126912,lot_9198,11.923076923076923,0.38461538461538464,0,
2025-07-09 16:11:38.126912,lot_10512,11.923076923076923,0.38461538461538464,0,
2025-07-09 16:11:38.126912,lot_11826,11.923076923076923,0.38461538461538464,0,
2025-07-09 16:11:38.126912,lot_13140,11.923076923076923,0.38461538461538464,0,
2025-07-09 16:11:38.126912,lot_14454,11.923076923076923,0.38461538461538464,0,
2025-07-09 16:11:38.126912,lot_15768,11.923076923076923,0.38461538461538464,0,
2025-07-09 16:11:38.126912,lot_17082,11.923076923076923,0.38461538461538464,0,
2025-07-09 16:41:38.127833,lot_0,11.868131868131869,0.37362637362637363,0,
2025-07-09 16:41:38.127833,lot_1314,11.868131868131869,0.37362637362637363,0,
2025-07-09 16:41:38.127833,lot_2628,11.868131868131869,0.37362637362637363,0,
2025-07-09 16:41:38.127833,lot_3942,11.868131868131869,0.37362637362637363,0,
2025-07-09 16:41:38.127833,lot_5256,11.868131868131869,0.37362637362637363,0,
2025-07-09 16:41:38.127833,lot_6570,11.868131868131869,0.37362637362637363,0,
2025-07-09 16:41:38.127833,lot_7884,11.868131868131869,0.37362637362637363,0,
2025-07-09 16:41:38.127833,lot_9198,11.868131868131869,0.37362637362637363,0,
2025-07-09 16:41:38.127833,lot_10512,11.868131868131869,0.37362637362637363,0,
2025-07-09 16:41:38.127833,lot_11826,11.868131868131869,0.37362637362637363,0,
2025-07-09 16:41:38.127833,lot_13140,11.868131868131869,0.37362637362637363,0,
2025-07-09 16:41:38.127833,lot_14454,11.868131868131869,0.37362637362637363,0,
2025-07-09 16:41:38.127833,lot_15768,11.868131868131869,0.37362637362637363,0,
2025-07-09 16:41:38.127833,lot_17082,11.868131868131869,0.37362637362637363,0,
2025-07-09 17:11:38.129068,lot_0,11.978021978021978,0.3956043956043956,0,
2025-07-09 17:11:38.129068,lot_1314,11.978021978021978,0.3956043956043956,0,
2025-07-09 17:11:38.129068,lot_2628,11.978021978021978,0.3956043956043956,0,
2025-07-09 17:11:38.129068,lot_3942,11.978021978021978,0.3956043956043956,0,
2025-07-09 17:11:38.129068,lot_5256,11.978021978021978,0.3956043956043956,0,
2025-07-09 17:11:38.129068,lot_6570,11.978021978021978,0.3956043956043956,0,
2025-07-09 17:11:38.129068,lot_7884,11.978021978021978,0.3956043956043956,0,
2025-07-09 17:11:38.129068,lot_9198,11.978021978021978,0.3956043956043956,0,
2025-07-09 17:11:38.129068,lot_10512,11.978021978021978,0.3956043956043956,0,
2025-07-09 17:11:38.129068,lot_11826,11.978021978021978,0.3956043956043956,0,
2025-07-09 17:11:38.129068,lot_13140,11.978021978021978,0.3956043956043956,0,
2025-07-09 17:11:38.129068,lot_14454,11.978021978021978,0.3956043956043956,0,
2025-07-09 17:11:38.129068,lot_15768,11.978021978021978,0.3956043956043956,0,
2025-07-09 17:11:38.129068,lot_17082,11.978021978021978,0.3956043956043956,0,
2025-07-09 17:41:38.130619,lot_0,12.857142857142856,0.5714285714285714,0,
2025-07-09 17:41:38.130619,lot_1314,12.857142857142856,0.5714285714285714,0,
2025-07-09 17:41:38.130619,lot_2628,12.857142857142856,0.5714285714285714,0,
2025-07-09 17:41:38.130619,lot_3942,12.857142857142856,0.5714285714285714,0,
2025-07-09 17:41:38.130619,lot_5256,12.857142857142856,0.5714285714285714,0,
2025-07-09 17:41:38.130619,lot_6570,12.857142857142856,0.5714285714285714,0,
2025-07-09 17:41:38.130619,lot_7884,12.857142857142856,0.5714285714285714,0,
2025-07-09 17:41:38.130619,lot_9198,12.857142857142856,0.5714285714285714,0,
2025-07-09 17:41:38.130619,lot_10512,12.857142857142856,0.5714285714285714,0,
2025-07-09 17:41:38.130619,lot_11826,12.857142857142856,0.5714285714285714,0,
2025-07-09 17:41:38.130619,lot_13140,12.857142857142856,0.5714285714285714,0,
2025-07-09 17:41:38.130619,lot_14454,12.857142857142856,0.5714285714285714,0,
2025-07-09 17:41:38.130619,lot_15768,12.857142857142856,0.5714285714285714,0,
2025-07-09 17:41:38.130619,lot_17082,12.857142857142856,0.5714285714285714,0,
2025-07-09 18:11:38.132228,lot_0,12.252747252747254,0.45054945054945056,0,
2025-07-09 18:11:38.132228,lot_1314,12.252747252747254,0.45054945054945056,0,
2025-07-09 18:11:38.132228,lot_2628,12.252747252747254,0.45054945054945056,0,
2025-07-09 18:11:38.132228,lot_3942,12.252747252747254,0.45054945054945056,0,
2025-07-09 18:11:38.132228,lot_5256,12.252747252747254,0.45054945054945056,0,
2025-07-09 18:11:38.132228,lot_6570,12.252747252747254,0.45054945054945056,0,
2025-07-09 18:11:38.132228,lot_7884,12.252747252747254,0.45054945054945056,0,
2025-07-09 18:11:38.132228,lot_9198,12.252747252747254,0.45054945054945056,0,
2025-07-09 18:11:38.132228,lot_10512,12.252747252747254,0.45054945054945056,0,
2025-07-09 18:11:38.132228,lot_11826,12.252747252747254,0.45054945054945056,0,
2025-07-09 18:11:38.132228,lot_13140,12.252747252747254,0.45054945054945056,0,
2025-07-09 18:11:38.132228,lot_14454,12.252747252747254,0.45054945054945056,0,
2025-07-09 18:11:38.132228,lot_15768,12.252747252747254,0.45054945054945056,0,
2025-07-09 18:11:38.132228,lot_17082,12.252747252747254,0.45054945054945056,0,
2025-07-09 18:41:38.133929,lot_0,11.868131868131869,0.37362637362637363,0,
2025-07-09 18:41:38.133929,lot_1314,11.868131868131869,0.37362637362637363,0,
2025-07-09 18:41:38.133929,lot_2628,11.868131868131869,0.37362637362637363,0,
2025-07-09 18:41:38.133929,lot_3942,11.868131868131869,0.37362637362637363,0,
2025-07-09 18:41:38.133929,lot_5256,11.868131868131869,0.37362637362637363,0,
2025-07-09 18:41:38.133929,lot_6570,11.868131868131869,0.37362637362637363,0,
2025-07-09 18:41:38.133929,lot_7884,11.868131868131869,0.37362637362637363,0,
2025-07-09 18:41:38.133929,lot_9198,11.868131868131869,0.37362637362637363,0,
2025-07-09 18:41:38.133929,lot_10512,11.868131868131869,0.37362637362637363,0,
2025-07-09 18:41:38.133929,lot_11826,11.868131868131869,0.37362637362637363,0,
2025-07-09 18:41:38.133929,lot_13140,11.868131868131869,0.37362637362637363,0,
2025-07-09 18:41:38.133929,lot_14454,11.868131868131869,0.37362637362637363,0,
2025-07-09 18:41:38.133929,lot_15768,11.868131868131869,0.37362637362637363,0,
2025-07-09 18:41:38.133929,lot_17082,11.868131868131869,0.37362637362637363,0,
2025-07-09 19:11:38.135517,lot_0,12.142857142857142,0.42857142857142855,0,
2025-07-09 19:11:38.135517,lot_1314,12.142857142857142,0.42857142857142855,0,
2025-07-09 19:11:38.135517,lot_2628,12.142857142857142,0.42857142857142855,0,
2025-07-09 19:11:38.135517,lot_3942,12.142857142857142,0.42857142857142855,0,
2025-07-09 19:11:38.135517,lot_5256,12.142857142857142,0.42857142857142855,0,
2025-07-09 19:11:38.135517,lot_6570,12.142857142857142,0.42857142857142855,0,
2025-07-09 19:11:38.135517,lot_7884,12.142857142857142,0.42857142857142855,0,
2025-07-09 19:11:38.135517,lot_9198,12.142857142857142,0.42857142857142855,0,
2025-07-09 19:11:38.135517,lot_10512,12.142857142857142,0.42857142857142855,0,
2025-07-09 19:11:38.135517,lot_11826,12.142857142857142,0.42857142857142855,0,
2025-07-09 19:11:38.135517,lot_13140,12.142857142857142,0.42857142857142855,0,
2025-07-09 19:11:38.135517,lot_14454,12.142857142857142,0.42857142857142855,0,
2025-07-09 19:11:38.135517,lot_15768,12.142857142857142,0.42857142857142855,0,
2025-07-09 19:11:38.135517,lot_17082,12.142857142857142,0.42857142857142855,0,
2025-07-09 19:41:38.137209,lot_0,11.703296703296704,0.34065934065934067,0,
2025-07-09 19:41:38.137209,lot_1314,11.703296703296704,0.34065934065934067,0,
2025-07-09 19:41:38.137209,lot_2628,11.703296703296704,0.34065934065934067,0,
2025-07-09 19:41:38.137209,lot_3942,11.703296703296704,0.34065934065934067,0,
2025-07-09 19:41:38.137209,lot_5256,11.703296703296704,0.34065934065934067,0,
2025-07-09 19:41:38.137209,lot_6570,11.703296703296704,0.34065934065934067,0,
2025-07-09 19:41:38.137209,lot_7884,11.703296703296704,0.34065934065934067,0,
2025-07-09 19:41:38.137209,lot_9198,11.703296703296704,0.34065934065934067,0,
2025-07-09 19:41:38.137209,lot_10512,11.703296703296704,0.34065934065934067,0,
2025-07-09 19:41:38.137209,lot_11826,11.703296703296704,0.34065934065934067,0,
2025-07-09 19:41:38.137209,lot_13140,11.703296703296704,0.34065934065934067,0,
2025-07-09 19:41:38.137209,lot_14454,11.703296703296704,0.34065934065934067,0,
2025-07-09 19:41:38.137209,lot_15768,11.703296703296704,0.34065934065934067,0,
2025-07-09 19:41:38.137209,lot_17082,11.703296703296704,0.34065934065934067,0,
2025-07-09 20:11:38.138834,lot_0,11.923076923076923,0.38461538461538464,0,
2025-07-09 20:11:38.138834,lot_1314,11.923076923076923,0.38461538461538464,0,
2025-07-09 20:11:38.138834,lot_2628,11.923076923076923,0.38461538461538464,0,
2025-07-09 20:11:38.138834,lot_3942,11.923076923076923,0.38461538461538464,0,
2025-07-09 20:11:38.138834,lot_5256,11.923076923076923,0.38461538461538464,0,
2025-07-09 20:11:38.138834,lot_6570,11.923076923076923,0.38461538461538464,0,
2025-07-09 20:11:38.138834,lot_7884,11.923076923076923,0.38461538461538464,0,
2025-07-09 20:11:38.138834,lot_9198,11.923076923076923,0.38461538461538464,0,
2025-07-09 20:11:38.138834,lot_10512,11.923076923076923,0.38461538461538464,0,
2025-07-09 20:11:38.138834,lot_11826,11.923076923076923,0.38461538461538464,0,
2025-07-09 20:11:38.138834,lot_13140,11.923076923076923,0.38461538461538464,0,
2025-07-09 20:11:38.138834,lot_14454,11.923076923076923,0.38461538461538464,0,
2025-07-09 20:11:38.138834,lot_15768,11.923076923076923,0.38461538461538464,0,
2025-07-09 20:11:38.138834,lot_17082,11.923076923076923,0.38461538461538464,0,
2025-07-09 20:41:38.140405,lot_0,11.813186813186814,0.3626373626373626,0,
2025-07-09 20:41:38.140405,lot_1314,11.813186813186814,0.3626373626373626,0,
2025-07-09 20:41:38.140405,lot_2628,11.813186813186814,0.3626373626373626,0,
2025-07-09 20:41:38.140405,lot_3942,11.813186813186814,0.3626373626373626,0,
2025-07-09 20:41:38.140405,lot_5256,11.813186813186814,0.3626373626373626,0,
2025-07-09 20:41:38.140405,lot_6570,11.813186813186814,0.3626373626373626,0,
2025-07-09 20:41:38.140405,lot_7884,11.813186813186814,0.3626373626373626,0,
2025-07-09 20:41:38.140405,lot_9198,11.813186813186814,0.3626373626373626,0,
2025-07-09 20:41:38.140405,lot_10512,11.813186813186814,0.3626373626373626,0,
2025-07-09 20:41:38.140405,lot_11826,11.813186813186814,0.3626373626373626,0,
2025-07-09 20:41:38.140405,lot_13140,11.813186813186814,0.3626373626373626,0,
2025-07-09 20:41:38.140405,lot_14454,11.813186813186814,0.3626373626373626,0,
2025-07-09 20:41:38.140405,lot_15768,11.813186813186814,0.3626373626373626,0,
2025-07-09 20:41:38.140405,lot_17082,11.813186813186814,0.3626373626373626,0,
2025-07-09 21:11:38.142086,lot_0,12.417582417582418,0.4835164835164835,0,
2025-07-09 21:11:38.142086,lot_1314,12.417582417582418,0.4835164835164835,0,
2025-07-09 21:11:38.142086,lot_2628,12.417582417582418,0.4835164835164835,0,
2025-07-09 21:11:38.142086,lot_3942,12.417582417582418,0.4835164835164835,0,
2025-07-09 21:11:38.142086,lot_5256,12.417582417582418,0.4835164835164835,0,
2025-07-09 21:11:38.142086,lot_6570,12.417582417582418,0.4835164835164835,0,
2025-07-09 21:11:38.142086,lot_7884,12.417582417582418,0.4835164835164835,0,
2025-07-09 21:11:38.142086,lot_9198,12.417582417582418,0.4835164835164835,0,
2025-07-09 21:11:38.142086,lot_10512,12.417582417582418,0.4835164835164835,0,
2025-07-09 21:11:38.142086,lot_11826,12.417582417582418,0.4835164835164835,0,
2025-07-09 21:11:38.142086,lot_13140,12.417582417582418,0.4835164835164835,0,
2025-07-09 21:11:38.142086,lot_14454,12.417582417582418,0.4835164835164835,0,
2025-07-09 21:11:38.142086,lot_15768,12.417582417582418,0.4835164835164835,0,
2025-07-09 21:11:38.142086,lot_17082,12.417582417582418,0.4835164835164835,0,
2025-07-09 21:41:38.143807,lot_0,11.978021978021978,0.3956043956043956,0,
2025-07-09 21:41:38.143807,lot_1314,11.978021978021978,0.3956043956043956,0,
2025-07-09 21:41:38.143807,lot_2628,11.978021978021978,0.3956043956043956,0,
2025-07-09 21:41:38.143807,lot_3942,11.978021978021978,0.3956043956043956,0,
2025-07-09 21:41:38.143807,lot_5256,11.978021978021978,0.3956043956043956,0,
2025-07-09 21:41:38.143807,lot_6570,11.978021978021978,0.3956043956043956,0,
2025-07-09 21:41:38.143807,lot_7884,11.978021978021978,0.3956043956043956,0,
2025-07-09 21:41:38.143807,lot_9198,11.978021978021978,0.3956043956043956,0,
2025-07-09 21:41:38.143807,lot_10512,11.978021978021978,0.3956043956043956,0,
2025-07-09 21:41:38.143807,lot_11826,11.978021978021978,0.3956043956043956,0,
2025-07-09 21:41:38.143807,lot_13140,11.978021978021978,0.3956043956043956,0,
2025-07-09 21:41:38.143807,lot_14454,11.978021978021978,0.3956043956043956,0,
2025-07-09 21:41:38.143807,lot_15768,11.978021978021978,0.3956043956043956,0,
2025-07-09 21:41:38.143807,lot_17082,11.978021978021978,0.3956043956043956,0,
2025-07-09 22:11:38.145918,lot_0,12.142857142857142,0.42857142857142855,0,
2025-07-09 22:11:38.145918,lot_1314,12.142857142857142,0.42857142857142855,0,
2025-07-09 22:11:38.145918,lot_2628,12.142857142857142,0.42857142857142855,0,
2025-07-09 22:11:38.145918,lot_3942,12.142857142857142,0.42857142857142855,0,
2025-07-09 22:11:38.145918,lot_5256,12.142857142857142,0.42857142857142855,0,
2025-07-09 22:11:38.145918,lot_6570,12.142857142857142,0.42857142857142855,0,
2025-07-09 22:11:38.145918,lot_7884,12.142857142857142,0.42857142857142855,0,
2025-07-09 22:11:38.145918,lot_9198,12.142857142857142,0.42857142857142855,0,
2025-07-09 22:11:38.145918,lot_10512,12.142857142857142,0.42857142857142855,0,
2025-07-09 22:11:38.145918,lot_11826,12.142857142857142,0.42857142857142855,0,
2025-07-09 22:11:38.145918,lot_13140,12.142857142857142,0.42857142857142855,0,
2025-07-09 22:11:38.145918,lot_14454,12.142857142857142,0.42857142857142855,0,
2025-07-09 22:11:38.145918,lot_15768,12.142857142857142,0.42857142857142855,0,
2025-07-09 22:11:38.145918,lot_17082,12.142857142857142,0.42857142857142855,0,
2025-07-09 22:41:38.147503,lot_0,12.252747252747254,0.45054945054945056,0,
2025-07-09 22:41:38.147503,lot_1314,12.252747252747254,0.45054945054945056,0,
2025-07-09 22:41:38.147503,lot_2628,12.252747252747254,0.45054945054945056,0,
2025-07-09 22:41:38.147503,lot_3942,12.252747252747254,0.45054945054945056,0,
2025-07-09 22:41:38.147503,lot_5256,12.252747252747254,0.45054945054945056,0,
2025-07-09 22:41:38.147503,lot_6570,12.252747252747254,0.45054945054945056,0,
2025-07-09 22:41:38.147503,lot_7884,12.252747252747254,0.45054945054945056,0,
2025-07-09 22:41:38.147503,lot_9198,12.252747252747254,0.45054945054945056,0,
2025-07-09 22:41:38.147503,lot_10512,12.252747252747254,0.45054945054945056,0,
2025-07-09 22:41:38.147503,lot_11826,12.252747252747254,0.45054945054945056,0,
2025-07-09 22:41:38.147503,lot_13140,12.252747252747254,0.45054945054945056,0,
2025-07-09 22:41:38.147503,lot_14454,12.252747252747254,0.45054945054945056,0,
2025-07-09 22:41:38.147503,lot_15768,12.252747252747254,0.45054945054945056,0,
2025-07-09 22:41:38.147503,lot_17082,12.252747252747254,0.45054945054945056,0,
2025-07-09 23:11:38.149128,lot_0,12.252747252747254,0.45054945054945056,0,
2025-07-09 23:11:38.149128,lot_1314,12.252747252747254,0.45054945054945056,0,
2025-07-09 23:11:38.149128,lot_2628,12.252747252747254,0.45054945054945056,0,
2025-07-09 23:11:38.149128,lot_3942,12.252747252747254,0.45054945054945056,0,
2025-07-09 23:11:38.149128,lot_5256,12.252747252747254,0.45054945054945056,0,
2025-07-09 23:11:38.149128,lot_6570,12.252747252747254,0.45054945054945056,0,
2025-07-09 23:11:38.149128,lot_7884,12.252747252747254,0.45054945054945056,0,
2025-07-09 23:11:38.149128,lot_9198,12.252747252747254,0.45054945054945056,0,
2025-07-09 23:11:38.149128,lot_10512,12.252747252747254,0.45054945054945056,0,
2025-07-09 23:11:38.149128,lot_11826,12.252747252747254,0.45054945054945056,0,
2025-07-09 23:11:38.149128,lot_13140,12.252747252747254,0.45054945054945056,0,
2025-07-09 23:11:38.149128,lot_14454,12.252747252747254,0.45054945054945056,0,
2025-07-09 23:11:38.149128,lot_15768,12.252747252747254,0.45054945054945056,0,
2025-07-09 23:11:38.149128,lot_17082,12.252747252747254,0.45054945054945056,0,
2025-07-09 23:41:38.150756,lot_0,12.252747252747254,0.45054945054945056,0,
2025-07-09 23:41:38.150756,lot_1314,12.252747252747254,0.45054945054945056,0,
2025-07-09 23:41:38.150756,lot_2628,12.252747252747254,0.45054945054945056,0,
2025-07-09 23:41:38.150756,lot_3942,12.252747252747254,0.45054945054945056,0,
2025-07-09 23:41:38.150756,lot_5256,12.252747252747254,0.45054945054945056,0,
2025-07-09 23:41:38.150756,lot_6570,12.252747252747254,0.45054945054945056,0,
2025-07-09 23:41:38.150756,lot_7884,12.252747252747254,0.45054945054945056,0,
2025-07-09 23:41:38.150756,lot_9198,12.252747252747254,0.45054945054945056,0,
2025-07-09 23:41:38.150756,lot_10512,12.252747252747254,0.45054945054945056,0,
2025-07-09 23:41:38.150756,lot_11826,12.252747252747254,0.45054945054945056,0,
2025-07-09 23:41:38.150756,lot_13140,12.252747252747254,0.45054945054945056,0,
2025-07-09 23:41:38.150756,lot_14454,12.252747252747254,0.45054945054945056,0,
2025-07-09 23:41:38.150756,lot_15768,12.252747252747254,0.45054945054945056,0,
2025-07-09 23:41:38.150756,lot_17082,12.252747252747254,0.45054945054945056,0,
2025-07-10 00:11:38.152368,lot_0,11.208791208791208,0.24175824175824176,0,
2025-07-10 00:11:38.152368,lot_1314,11.208791208791208,0.24175824175824176,0,
2025-07-10 00:11:38.152368,lot_2628,11.208791208791208,0.24175824175824176,0,
2025-07-10 00:11:38.152368,lot_3942,11.208791208791208,0.24175824175824176,0,
2025-07-10 00:11:38.152368,lot_5256,11.208791208791208,0.24175824175824176,0,
2025-07-10 00:11:38.152368,lot_6570,11.208791208791208,0.24175824175824176,0,
2025-07-10 00:11:38.152368,lot_7884,11.208791208791208,0.24175824175824176,0,
2025-07-10 00:11:38.152368,lot_9198,11.208791208791208,0.24175824175824176,0,
2025-07-10 00:11:38.152368,lot_10512,11.208791208791208,0.24175824175824176,0,
2025-07-10 00:11:38.152368,lot_11826,11.208791208791208,0.24175824175824176,0,
2025-07-10 00:11:38.152368,lot_13140,11.208791208791208,0.24175824175824176,0,
2025-07-10 00:11:38.152368,lot_14454,11.208791208791208,0.24175824175824176,0,
2025-07-10 00:11:38.152368,lot_15768,11.208791208791208,0.24175824175824176,0,
2025-07-10 00:11:38.152368,lot_17082,11.208791208791208,0.24175824175824176,0,
2025-07-10 00:41:38.154017,lot_0,10.934065934065934,0.18681318681318682,0,
2025-07-10 00:41:38.154017,lot_1314,10.934065934065934,0.18681318681318682,0,
2025-07-10 00:41:38.154017,lot_2628,10.934065934065934,0.18681318681318682,0,
2025-07-10 00:41:38.154017,lot_3942,10.934065934065934,0.18681318681318682,0,
2025-07-10 00:41:38.154017,lot_5256,10.934065934065934,0.18681318681318682,0,
2025-07-10 00:41:38.154017,lot_6570,10.934065934065934,0.18681318681318682,0,
2025-07-10 00:41:38.154017,lot_7884,10.934065934065934,0.18681318681318682,0,
2025-07-10 00:41:38.154017,lot_9198,10.934065934065934,0.18681318681318682,0,
2025-07-10 00:41:38.154017,lot_10512,10.934065934065934,0.18681318681318682,0,
2025-07-10 00:41:38.154017,lot_11826,10.934065934065934,0.18681318681318682,0,
2025-07-10 00:41:38.154017,lot_13140,10.934065934065934,0.18681318681318682,0,
2025-07-10 00:41:38.154017,lot_14454,10.934065934065934,0.18681318681318682,0,
2025-07-10 00:41:38.154017,lot_15768,10.934065934065934,0.18681318681318682,0,
2025-07-10 00:41:38.154017,lot_17082,10.934065934065934,0.18681318681318682,0,
2025-07-10 01:11:38.155614,lot_0,12.087912087912088,0.4175824175824176,0,
2025-07-10 01:11:38.155614,lot_1314,12.087912087912088,0.4175824175824176,0,
2025-07-10 01:11:38.155614,lot_2628,12.087912087912088,0.4175824175824176,0,
2025-07-10 01:11:38.155614,lot_3942,12.087912087912088,0.4175824175824176,0,
2025-07-10 01:11:38.155614,lot_5256,12.087912087912088,0.4175824175824176,0,
2025-07-10 01:11:38.155614,lot_6570,12.087912087912088,0.4175824175824176,0,
2025-07-10 01:11:38.155614,lot_7884,12.087912087912088,0.4175824175824176,0,
2025-07-10 01:11:38.155614,lot_9198,12.087912087912088,0.4175824175824176,0,
2025-07-10 01:11:38.155614,lot_10512,12.087912087912088,0.4175824175824176,0,
2025-07-10 01:11:38.155614,lot_11826,12.087912087912088,0.4175824175824176,0,
2025-07-10 01:11:38.155614,lot_13140,12.087912087912088,0.4175824175824176,0,
2025-07-10 01:11:38.155614,lot_14454,12.087912087912088,0.4175824175824176,0,
2025-07-10 01:11:38.155614,lot_15768,12.087912087912088,0.4175824175824176,0,
2025-07-10 01:11:38.155614,lot_17082,12.087912087912088,0.4175824175824176,0,
2025-07-10 01:41:38.157725,lot_0,12.527472527472527,0.5054945054945055,0,
2025-07-10 01:41:38.157725,lot_1314,12.527472527472527,0.5054945054945055,0,
2025-07-10 01:41:38.157725,lot_2628,12.527472527472527,0.5054945054945055,0,
2025-07-10 01:41:38.157725,lot_3942,12.527472527472527,0.5054945054945055,0,
2025-07-10 01:41:38.157725,lot_5256,12.527472527472527,0.5054945054945055,0,
2025-07-10 01:41:38.157725,lot_6570,12.527472527472527,0.5054945054945055,0,
2025-07-10 01:41:38.157725,lot_7884,12.527472527472527,0.5054945054945055,0,
2025-07-10 01:41:38.157725,lot_9198,12.527472527472527,0.5054945054945055,0,
2025-07-10 01:41:38.157725,lot_10512,12.527472527472527,0.5054945054945055,0,
2025-07-10 01:41:38.157725,lot_11826,12.527472527472527,0.5054945054945055,0,
2025-07-10 01:41:38.157725,lot_13140,12.527472527472527,0.5054945054945055,0,
2025-07-10 01:41:38.157725,lot_14454,12.527472527472527,0.5054945054945055,0,
2025-07-10 01:41:38.157725,lot_15768,12.527472527472527,0.5054945054945055,0,
2025-07-10 01:41:38.157725,lot_17082,12.527472527472527,0.5054945054945055,0,
2025-07-10 02:11:38.160688,lot_0,11.978021978021978,0.3956043956043956,0,
2025-07-10 02:11:38.160688,lot_1314,11.978021978021978,0.3956043956043956,0,
2025-07-10 02:11:38.160688,lot_2628,11.978021978021978,0.3956043956043956,0,
2025-07-10 02:11:38.160688,lot_3942,11.978021978021978,0.3956043956043956,0,
2025-07-10 02:11:38.160688,lot_5256,11.978021978021978,0.3956043956043956,0,
2025-07-10 02:11:38.160688,lot_6570,11.978021978021978,0.3956043956043956,0,
2025-07-10 02:11:38.160688,lot_7884,11.978021978021978,0.3956043956043956,0,
2025-07-10 02:11:38.160688,lot_9198,11.978021978021978,0.3956043956043956,0,
2025-07-10 02:11:38.160688,lot_10512,11.978021978021978,0.3956043956043956,0,
2025-07-10 02:11:38.160688,lot_11826,11.978021978021978,0.3956043956043956,0,
2025-07-10 02:11:38.160688,lot_13140,11.978021978021978,0.3956043956043956,0,
2025-07-10 02:11:38.160688,lot_14454,11.978021978021978,0.3956043956043956,0,
2025-07-10 02:11:38.160688,lot_15768,11.978021978021978,0.3956043956043956,0,
2025-07-10 02:11:38.160688,lot_17082,11.978021978021978,0.3956043956043956,0,
2025-07-10 02:41:38.162706,lot_0,12.912087912087912,0.5824175824175825,0,
2025-07-10 02:41:38.162706,lot_1314,12.912087912087912,0.5824175824175825,0,
2025-07-10 02:41:38.162706,lot_2628,12.912087912087912,0.5824175824175825,0,
2025-07-10 02:41:38.162706,lot_3942,12.912087912087912,0.5824175824175825,0,
2025-07-10 02:41:38.162706,lot_5256,12.912087912087912,0.5824175824175825,0,
2025-07-10 02:41:38.162706,lot_6570,12.912087912087912,0.5824175824175825,0,
2025-07-10 02:41:38.162706,lot_7884,12.912087912087912,0.5824175824175825,0,
2025-07-10 02:41:38.162706,lot_9198,12.912087912087912,0.5824175824175825,0,
2025-07-10 02:41:38.162706,lot_10512,12.912087912087912,0.5824175824175825,0,
2025-07-10 02:41:38.162706,lot_11826,12.912087912087912,0.5824175824175825,0,
2025-07-10 02:41:38.162706,lot_13140,12.912087912087912,0.5824175824175825,0,
2025-07-10 02:41:38.162706,lot_14454,12.912087912087912,0.5824175824175825,0,
2025-07-10 02:41:38.162706,lot_15768,12.912087912087912,0.5824175824175825,0,
2025-07-10 02:41:38.162706,lot_17082,12.912087912087912,0.5824175824175825,0,
2025-07-10 03:11:38.164871,lot_0,12.802197802197801,0.5604395604395604,0,
2025-07-10 03:11:38.164871,lot_1314,12.802197802197801,0.5604395604395604,0,
2025-07-10 03:11:38.164871,lot_2628,12.802197802197801,0.5604395604395604,0,
2025-07-10 03:11:38.164871,lot_3942,12.802197802197801,0.5604395604395604,0,
2025-07-10 03:11:38.164871,lot_5256,12.802197802197801,0.5604395604395604,0,
2025-07-10 03:11:38.164871,lot_6570,12.802197802197801,0.5604395604395604,0,
2025-07-10 03:11:38.164871,lot_7884,12.802197802197801,0.5604395604395604,0,
2025-07-10 03:11:38.164871,lot_9198,12.802197802197801,0.5604395604395604,0,
2025-07-10 03:11:38.164871,lot_10512,12.802197802197801,0.5604395604395604,0,
2025-07-10 03:11:38.164871,lot_11826,12.802197802197801,0.5604395604395604,0,
2025-07-10 03:11:38.164871,lot_13140,12.802197802197801,0.5604395604395604,0,
2025-07-10 03:11:38.164871,lot_14454,12.802197802197801,0.5604395604395604,0,
2025-07-10 03:11:38.164871,lot_15768,12.802197802197801,0.5604395604395604,0,
2025-07-10 03:11:38.164871,lot_17082,12.802197802197801,0.5604395604395604,0,
2025-07-10 03:41:38.166884,lot_0,11.703296703296704,0.34065934065934067,0,
2025-07-10 03:41:38.166884,lot_1314,11.703296703296704,0.34065934065934067,0,
2025-07-10 03:41:38.166884,lot_2628,11.703296703296704,0.34065934065934067,0,
2025-07-10 03:41:38.166884,lot_3942,11.703296703296704,0.34065934065934067,0,
2025-07-10 03:41:38.166884,lot_5256,11.703296703296704,0.34065934065934067,0,
2025-07-10 03:41:38.166884,lot_6570,11.703296703296704,0.34065934065934067,0,
2025-07-10 03:41:38.166884,lot_7884,11.703296703296704,0.34065934065934067,0,
2025-07-10 03:41:38.166884,lot_9198,11.703296703296704,0.34065934065934067,0,
2025-07-10 03:41:38.166884,lot_10512,11.703296703296704,0.34065934065934067,0,
2025-07-10 03:41:38.166884,lot_11826,11.703296703296704,0.34065934065934067,0,
2025-07-10 03:41:38.166884,lot_13140,11.703296703296704,0.34065934065934067,0,
2025-07-10 03:41:38.166884,lot_14454,11.703296703296704,0.34065934065934067,0,
2025-07-10 03:41:38.166884,lot_15768,11.703296703296704,0.34065934065934067,0,
2025-07-10 03:41:38.166884,lot_17082,11.703296703296704,0.34065934065934067,0,
2025-07-10 04:11:38.169165,lot_0,12.142857142857142,0.42857142857142855,0,
2025-07-10 04:11:38.169165,lot_1314,12.142857142857142,0.42857142857142855,0,
2025-07-10 04:11:38.169165,lot_2628,12.142857142857142,0.42857142857142855,0,
2025-07-10 04:11:38.169165,lot_3942,12.142857142857142,0.42857142857142855,0,
2025-07-10 04:11:38.169165,lot_5256,12.142857142857142,0.42857142857142855,0,
2025-07-10 04:11:38.169165,lot_6570,12.142857142857142,0.42857142857142855,0,
2025-07-10 04:11:38.169165,lot_7884,12.142857142857142,0.42857142857142855,0,
2025-07-10 04:11:38.169165,lot_9198,12.142857142857142,0.42857142857142855,0,
2025-07-10 04:11:38.169165,lot_10512,12.142857142857142,0.42857142857142855,0,
2025-07-10 04:11:38.169165,lot_11826,12.142857142857142,0.42857142857142855,0,
2025-07-10 04:11:38.169165,lot_13140,12.142857142857142,0.42857142857142855,0,
2025-07-10 04:11:38.169165,lot_14454,12.142857142857142,0.42857142857142855,0,
2025-07-10 04:11:38.169165,lot_15768,12.142857142857142,0.42857142857142855,0,
2025-07-10 04:11:38.169165,lot_17082,12.142857142857142,0.42857142857142855,0,
2025-07-10 04:41:38.171282,lot_0,11.208791208791208,0.24175824175824176,0,
2025-07-10 04:41:38.171282,lot_1314,11.208791208791208,0.24175824175824176,0,
2025-07-10 04:41:38.171282,lot_2628,11.208791208791208,0.24175824175824176,0,
2025-07-10 04:41:38.171282,lot_3942,11.208791208791208,0.24175824175824176,0,
2025-07-10 04:41:38.171282,lot_5256,11.208791208791208,0.24175824175824176,0,
2025-07-10 04:41:38.171282,lot_6570,11.208791208791208,0.24175824175824176,0,
2025-07-10 04:41:38.171282,lot_7884,11.208791208791208,0.24175824175824176,0,
2025-07-10 04:41:38.171282,lot_9198,11.208791208791208,0.24175824175824176,0,
2025-07-10 04:41:38.171282,lot_10512,11.208791208791208,0.24175824175824176,0,
2025-07-10 04:41:38.171282,lot_11826,11.208791208791208,0.24175824175824176,0,
2025-07-10 04:41:38.171282,lot_13140,11.208791208791208,0.24175824175824176,0,
2025-07-10 04:41:38.171282,lot_14454,11.208791208791208,0.24175824175824176,0,
2025-07-10 04:41:38.171282,lot_15768,11.208791208791208,0.24175824175824176,0,
2025-07-10 04:41:38.171282,lot_17082,11.208791208791208,0.24175824175824176,0,
2025-07-10 05:11:38.173235,lot_0,12.087912087912088,0.4175824175824176,0,
2025-07-10 05:11:38.173235,lot_1314,12.087912087912088,0.4175824175824176,0,
2025-07-10 05:11:38.173235,lot_2628,12.087912087912088,0.4175824175824176,0,
2025-07-10 05:11:38.173235,lot_3942,12.087912087912088,0.4175824175824176,0,
2025-07-10 05:11:38.173235,lot_5256,12.087912087912088,0.4175824175824176,0,
2025-07-10 05:11:38.173235,lot_6570,12.087912087912088,0.4175824175824176,0,
2025-07-10 05:11:38.173235,lot_7884,12.087912087912088,0.4175824175824176,0,
2025-07-10 05:11:38.173235,lot_9198,12.087912087912088,0.4175824175824176,0,
2025-07-10 05:11:38.173235,lot_10512,12.087912087912088,0.4175824175824176,0,
2025-07-10 05:11:38.173235,lot_11826,12.087912087912088,0.4175824175824176,0,
2025-07-10 05:11:38.173235,lot_13140,12.087912087912088,0.4175824175824176,0,
2025-07-10 05:11:38.173235,lot_14454,12.087912087912088,0.4175824175824176,0,
2025-07-10 05:11:38.173235,lot_15768,12.087912087912088,0.4175824175824176,0,
2025-07-10 05:11:38.173235,lot_17082,12.087912087912088,0.4175824175824176,0,
2025-07-10 05:41:38.175084,lot_0,11.923076923076923,0.38461538461538464,0,
2025-07-10 05:41:38.175084,lot_1314,11.923076923076923,0.38461538461538464,0,
2025-07-10 05:41:38.175084,lot_2628,11.923076923076923,0.38461538461538464,0,
2025-07-10 05:41:38.175084,lot_3942,11.923076923076923,0.38461538461538464,0,
2025-07-10 05:41:38.175084,lot_5256,11.923076923076923,0.38461538461538464,0,
2025-07-10 05:41:38.175084,lot_6570,11.923076923076923,0.38461538461538464,0,
2025-07-10 05:41:38.175084,lot_7884,11.923076923076923,0.38461538461538464,0,
2025-07-10 05:41:38.175084,lot_9198,11.923076923076923,0.38461538461538464,0,
2025-07-10 05:41:38.175084,lot_10512,11.923076923076923,0.38461538461538464,0,
2025-07-10 05:41:38.175084,lot_11826,11.923076923076923,0.38461538461538464,0,
2025-07-10 05:41:38.175084,lot_13140,11.923076923076923,0.38461538461538464,0,
2025-07-10 05:41:38.175084,lot_14454,11.923076923076923,0.38461538461538464,0,
2025-07-10 05:41:38.175084,lot_15768,11.923076923076923,0.38461538461538464,0,
2025-07-10 05:41:38.175084,lot_17082,11.923076923076923,0.38461538461538464,0,
2025-07-10 06:11:38.176753,lot_0,11.813186813186814,0.3626373626373626,0,
2025-07-10 06:11:38.176753,lot_1314,11.813186813186814,0.3626373626373626,0,
2025-07-10 06:11:38.176753,lot_2628,11.813186813186814,0.3626373626373626,0,
2025-07-10 06:11:38.176753,lot_3942,11.813186813186814,0.3626373626373626,0,
2025-07-10 06:11:38.176753,lot_5256,11.813186813186814,0.3626373626373626,0,
2025-07-10 06:11:38.176753,lot_6570,11.813186813186814,0.3626373626373626,0,
2025-07-10 06:11:38.176753,lot_7884,11.813186813186814,0.3626373626373626,0,
2025-07-10 06:11:38.176753,lot_9198,11.813186813186814,0.3626373626373626,0,
2025-07-10 06:11:38.176753,lot_10512,11.813186813186814,0.3626373626373626,0,
2025-07-10 06:11:38.176753,lot_11826,11.813186813186814,0.3626373626373626,0,
2025-07-10 06:11:38.176753,lot_13140,11.813186813186814,0.3626373626373626,0,
2025-07-10 06:11:38.176753,lot_14454,11.813186813186814,0.3626373626373626,0,
2025-07-10 06:11:38.176753,lot_15768,11.813186813186814,0.3626373626373626,0,
2025-07-10 06:11:38.176753,lot_17082,11.813186813186814,0.3626373626373626,0,
2025-07-10 06:41:38.177843,lot_0,12.692307692307692,0.5384615384615384,0,
2025-07-10 06:41:38.177843,lot_1314,12.692307692307692,0.5384615384615384,0,
2025-07-10 06:41:38.177843,lot_2628,12.692307692307692,0.5384615384615384,0,
2025-07-10 06:41:38.177843,lot_3942,12.692307692307692,0.5384615384615384,0,
2025-07-10 06:41:38.177843,lot_5256,12.692307692307692,0.5384615384615384,0,
2025-07-10 06:41:38.177843,lot_6570,12.692307692307692,0.5384615384615384,0,
2025-07-10 06:41:38.177843,lot_7884,12.692307692307692,0.5384615384615384,0,
2025-07-10 06:41:38.177843,lot_9198,12.692307692307692,0.5384615384615384,0,
2025-07-10 06:41:38.177843,lot_10512,12.692307692307692,0.5384615384615384,0,
2025-07-10 06:41:38.177843,lot_11826,12.692307692307692,0.5384615384615384,0,
2025-07-10 06:41:38.177843,lot_13140,12.692307692307692,0.5384615384615384,0,
2025-07-10 06:41:38.177843,lot_14454,12.692307692307692,0.5384615384615384,0,
2025-07-10 06:41:38.177843,lot_15768,12.692307692307692,0.5384615384615384,0,
2025-07-10 06:41:38.177843,lot_17082,12.692307692307692,0.5384615384615384,0,
2025-07-10 07:11:38.178924,lot_0,12.032967032967033,0.4065934065934066,0,
2025-07-10 07:11:38.178924,lot_1314,12.032967032967033,0.4065934065934066,0,
2025-07-10 07:11:38.178924,lot_2628,12.032967032967033,0.4065934065934066,0,
2025-07-10 07:11:38.178924,lot_3942,12.032967032967033,0.4065934065934066,0,
2025-07-10 07:11:38.178924,lot_5256,12.032967032967033,0.4065934065934066,0,
2025-07-10 07:11:38.178924,lot_6570,12.032967032967033,0.4065934065934066,0,
2025-07-10 07:11:38.178924,lot_7884,12.032967032967033,0.4065934065934066,0,
2025-07-10 07:11:38.178924,lot_9198,12.032967032967033,0.4065934065934066,0,
2025-07-10 07:11:38.178924,lot_10512,12.032967032967033,0.4065934065934066,0,
2025-07-10 07:11:38.178924,lot_11826,12.032967032967033,0.4065934065934066,0,
2025-07-10 07:11:38.178924,lot_13140,12.032967032967033,0.4065934065934066,0,
2025-07-10 07:11:38.178924,lot_14454,12.032967032967033,0.4065934065934066,0,
2025-07-10 07:11:38.178924,lot_15768,12.032967032967033,0.4065934065934066,0,
2025-07-10 07:11:38.178924,lot_17082,12.032967032967033,0.4065934065934066,0,
